Date,Close,High,Low,Open,Volume,Daily Return,MA20,MA50
2024-01-01,1279.6929931640625,1287.8941431135045,1271.244822078984,1274.9008072558752,4030540,,,
2024-01-02,1290.2900390625,1291.920402508132,1271.1706293129728,1277.099135940161,7448800,0.008280928281271693,,
2024-01-03,1276.25927734375,1301.3071935056118,1273.2455715878027,1289.450180352941,9037536,-0.010874114574227378,,
2024-01-04,1282.8546142578125,1289.376067708453,1274.184270249419,1278.581197527839,9612778,0.00516770928223087,,
2024-01-05,1288.3138427734375,1294.3165279752034,1283.521657474919,1285.9424160498672,8086406,0.004255531729745909,,
2024-01-08,1278.26025390625,1300.2944657165135,1269.1698042070248,1289.450262535967,7734652,-0.00780367992130282,,
2024-01-09,1274.8758544921875,1287.8691880410895,1273.2454911635218,1284.509677070214,5403074,-0.002647660680773045,,
2024-01-10,1309.2613525390625,1313.658280108081,1272.1834593214687,1273.146817539874,11102740,0.02697164427870624,,
2024-01-11,1343.6961669921875,1346.2651626289091,1312.6702888458758,1313.6583733689065,23725852,0.026300947772074146,,
2024-01-12,1354.3919677734375,1356.9609630954171,1329.714583957277,1343.6960023683716,15012164,0.007959984588772118,,
2024-01-15,1377.51318359375,1379.8104316098677,1349.723309451493,1358.616069177015,8610594,0.01707128834965177,,
2024-01-16,1358.2454833984375,1379.662260463631,1354.169635353321,1373.412554424991,9069024,-0.013987307290261763,,
2024-01-17,1345.35107421875,1369.7568331827044,1338.8791932605309,1343.30084717423,12197382,-0.009493430559713412,,
2024-01-18,1351.6500244140625,1354.663730119792,1335.1490629645289,1335.2972997496222,10279438,0.004682012239050959,,
2024-01-19,1351.156005859375,1359.6041759840746,1342.8067406703178,1359.6041759840746,10422704,-0.00036549294992371806,,
2024-01-23,1312.7442626953125,1355.4048574857818,1306.791150318716,1355.4048574857818,20055420,-0.02842879948539434,,
2024-01-24,1327.8619384765625,1333.4199132911328,1308.1497027138623,1319.314984194113,21919128,0.011516085966515988,,
2024-01-25,1336.9522705078125,1347.895377764627,1319.290261603849,1326.9479158139593,11808872,0.006845841248886986,,
2024-01-29,1430.7957763671875,1435.192704047216,1343.9678528779282,1348.241269998228,23893438,0.07019211375715795,,
2024-01-30,1390.852294921875,1442.5784888178382,1387.690473107798,1442.5537625848374,14093978,-0.027916969077676157,1328.0509338378906,
2024-01-31,1409.6258544921875,1417.159997760743,1385.7883192326594,1387.2704457772934,15130226,0.013497881578695692,1334.5475769042969,
2024-02-01,1409.650634765625,1426.1515960154993,1401.1531330404457,1417.9011153905622,13349362,1.757932671186957e-05,1340.515606689453,
2024-02-02,1440.3306884765625,1457.3258137867138,1416.0980132616144,1416.0980132616144,19652588,0.021764296027886765,1348.7191772460938,
2024-02-05,1421.878173828125,1452.9781061073709,1414.4675408489986,1443.3442832345067,8814432,-0.012811304234553789,1355.6703552246095,
2024-02-06,1410.7869873046875,1424.6695010773788,1402.9069175392074,1424.6695010773788,9047984,-0.007800377506025469,1361.794012451172,
2024-02-07,1424.9659423828125,1432.2283386037336,1412.2196294925052,1418.8151411125152,9296568,0.010050386915755327,1369.129296875,
2024-02-08,1432.845947265625,1442.0845126481563,1410.515263064875,1432.7224367107362,14694634,0.0055299601544409605,1377.0278015136719,
2024-02-09,1443.34423828125,1454.4354611714164,1433.660963243804,1436.6746688077617,12556798,0.007326880489601395,1383.7319458007812,
2024-02-12,1435.04443359375,1443.591388249664,1425.163589047209,1443.3443671360003,6674430,-0.005750398600255946,1388.2993591308593,
2024-02-13,1447.642333984375,1461.3767303535824,1436.674621997369,1438.1567484987418,7715594,0.008778752835601367,1392.9618774414062,
2024-02-14,1463.7235107421875,1465.9714268487612,1440.1329959711338,1440.1329959711338,7117888,0.011108528937221696,1397.272393798828,
2024-02-15,1453.0770263671875,1467.0337197836,1449.050630318146,1465.6751036103208,10006782,-0.007273562456888927,1402.0139709472655,
2024-02-16,1443.17138671875,1459.4007219371786,1441.170612214809,1458.8819534815811,9767498,-0.006817009331709256,1406.9049865722657,
2024-02-19,1456.4364013671875,1461.8708655513933,1436.2053974591388,1444.628841067812,6729828,0.009191572650700364,1412.144305419922,
2024-02-20,1453.4969482421875,1457.9186020207894,1444.3818933388152,1457.449286031468,7117496,-0.002018250245764741,1417.2613525390625,
2024-02-21,1450.2115478515625,1470.7884795851646,1440.18258683898,1456.4365283424868,12720292,-0.0022603421318484473,1424.134716796875,
2024-02-22,1464.0941162109375,1467.2559381666686,1440.6271108051608,1450.6561919754165,18493728,0.009572788452789194,1430.9463256835938,
2024-02-23,1475.82763671875,1479.7059164315408,1465.6750448712426,1471.7517883622584,14438584,0.008014184592298523,1437.8900939941407,
2024-02-26,1469.6026611328125,1476.7169415654328,1464.8352018923576,1475.753583346703,7513106,-0.004217955695542952,1439.8304382324218,
2024-02-27,1467.9476318359375,1482.0771665679397,1460.4382144226488,1465.3539102526263,10826044,-0.0011261746733632894,1443.685205078125,
2024-02-28,1438.2803955078125,1473.5056294891751,1432.8953836215212,1465.3292067243185,8647950,-0.02021001000629752,1445.1179321289062,
2024-02-29,1443.393798828125,1461.352161163495,1437.1935448412644,1447.5437052316252,23628976,0.0035552200643791387,1446.8050903320313,
2024-03-01,1474.345458984375,1482.1266237591103,1445.0734581651325,1446.061542580972,12132926,0.021443669898941753,1448.5058288574219,
2024-03-04,1489.4384765625,1494.4282305064353,1469.503825173054,1472.7150995331629,10024420,0.010237097069856427,1451.8838439941405,
2024-03-05,1482.3243408203125,1489.4386216961695,1468.3430414288637,1487.832984359659,7107668,-0.004776387782465696,1455.460711669922,
2024-03-06,1485.0908203125,1491.019326581213,1460.8827530485903,1475.6545662551582,7805676,0.0018663118563218006,1458.4669555664063,
2024-03-07,1461.3028564453125,1485.1897258668157,1457.968071396935,1485.0662153094684,8315726,-0.016017851259885862,1459.8898010253906,
2024-03-11,1449.1246337890625,1471.2577496463198,1446.0615961097308,1471.2577496463198,11277130,-0.008333811572690752,1460.1788208007813,
2024-03-12,1457.844482421875,1470.269595576354,1447.568380480176,1449.1245651727334,9432678,0.006017321374223394,1461.3188232421876,
2024-03-13,1415.10986328125,1465.4279903850718,1410.7622676768488,1462.142657909758,13522134,-0.029313565099640226,1459.6921997070312,1400.6195581054687
2024-03-14,1414.4180908203125,1431.264978068201,1408.514310659922,1422.545060878272,18571102,-0.0004888471763835334,1457.2269287109375,1403.3140600585937
2024-03-15,1401.3260498046875,1416.1473166057365,1396.0645483366263,1408.9589780840722,19223818,-0.00925613232791167,1454.6393798828126,1405.5347802734375
2024-03-18,1422.3228759765625,1424.5460660460144,1399.6463855144648,1403.0799549430176,9169392,0.01498354089314291,1453.5969543457031,1408.4560522460938
2024-03-19,1408.267333984375,1420.4701525728194,1400.3626585436627,1411.7256294896863,8275764,-0.009882103585331814,1451.1885009765624,1410.964306640625
2024-03-20,1426.546875,1427.7819805194806,1407.056934025752,1410.935092987457,8488806,0.012980164045918174,1449.840997314453,1413.7289672851562
2024-03-21,1433.685791015625,1440.5283239841642,1427.460931435626,1435.2173701383908,13006936,0.005004333289521323,1449.0147094726562,1416.8374780273436
2024-03-22,1437.6875,1442.6031956703118,1430.1039041326171,1432.697625631682,19527608,0.002791203630148509,1447.6943786621093,1420.0937109375
2024-03-26,1424.3978271484375,1435.0939139473653,1421.853557874578,1427.7820647176966,11415906,-0.009243784098813213,1445.1228881835937,1422.3964404296876
2024-03-27,1475.061767578125,1482.1265951381042,1429.7581221098912,1430.74620650665,16326644,0.03556867292553645,1445.3958435058594,1425.0237524414063
2024-03-28,1468.145263671875,1488.005737098728,1461.0311038405712,1475.0865810929813,21854364,-0.004688958834317858,1445.4057250976562,1427.298818359375
2024-04-01,1467.0830078125,1476.1733358521226,1464.8350917273362,1474.6912092837645,5013880,-0.0007235359372533834,1446.8458557128906,1429.09021484375
2024-04-02,1469.2320556640625,1476.198098955644,1457.424495287533,1466.317254919796,8910166,0.0014648440750240077,1448.1377685546875,1431.3099462890625
2024-04-03,1454.0650634765625,1466.7619246317818,1451.397283687729,1464.4152240453116,7008292,-0.010323074649119857,1447.1237487792969,1433.4842260742187
2024-04-04,1445.493408203125,1462.117879861305,1432.7223691832353,1462.117879861305,14490272,-0.005894959922180698,1444.926495361328,1435.36109375
2024-04-05,1442.7020263671875,1453.274601948929,1438.6509043996564,1443.467815909923,7442298,-0.0019310927466680283,1442.945379638672,1437.1920141601563
2024-04-08,1468.2686767578125,1473.2090987059642,1443.5912932499484,1445.5427357963142,8357118,0.017721365828398783,1442.1042724609374,1440.3025024414062
2024-04-09,1446.2098388671875,1472.0482715276005,1445.0735176190665,1471.2577557160955,7071414,-0.015023706655197921,1441.3496215820312,1442.6694604492188
2024-04-10,1461.945068359375,1469.281643980642,1448.8776750369068,1448.8776750369068,9138330,0.010880322529483566,1441.9906433105468,1445.16931640625
2024-04-12,1449.668212890625,1468.76289779902,1445.6416961431237,1458.289226116748,15551012,-0.008397617485400688,1441.5818298339843,1445.5467651367187
2024-04-15,1447.3707275390625,1464.4646364315845,1429.0911655763507,1443.591352839028,12902062,-0.0015848352961960188,1443.194873046875,1446.6771337890625
2024-04-16,1448.28466796875,1453.645073932083,1433.636365403093,1436.0323976352518,9366184,0.0006314487451610784,1444.888201904297,1447.4503100585937
2024-04-18,1446.876708984375,1468.2934876101954,1441.9610129858208,1446.0615875622616,19005692,-0.0009721562449112042,1447.1657348632812,1448.1948315429688
2024-04-19,1452.607666015625,1456.4364932961696,1425.8306012864564,1439.4167626045175,15741778,0.003960915947892163,1448.6799743652343,1448.44037109375
2024-04-22,1462.2166748046875,1465.156201770705,1450.3103301575063,1454.9048261235944,10350362,0.006615006249704791,1451.37744140625,1449.2471411132813
2024-04-23,1441.9364013671875,1475.7042382593086,1438.2064787775075,1461.3770126451404,14605554,-0.013869540531815439,1452.1469177246095,1449.8701293945312
2024-04-24,1432.8953857421875,1451.051437133562,1432.2283805059903,1446.0615625184662,10462776,-0.006270051589257086,1452.1073974609376,1450.0287182617187
2024-04-25,1442.5784912109375,1450.483166375014,1424.3236561270523,1425.311740522562,15943926,0.0067577197645412035,1452.3519470214844,1450.223369140625
2024-04-26,1435.2420654296875,1447.5436681516292,1432.7224019248206,1446.5061312694434,9413848,-0.005085633694074887,1452.8941589355468,1450.0613256835939
2024-04-29,1447.568359375,1450.4091019997668,1432.7223672737166,1432.7223672737166,7247974,0.008588303145659504,1451.5194885253907,1450.3118041992188
2024-04-30,1449.5198974609375,1465.403306850403,1445.4440490785064,1450.5079819172845,11474262,0.001348149172575308,1450.5882202148437,1450.34935546875
2024-05-02,1449.0751953125,1459.7217080112785,1446.6790424453916,1454.460206935621,14512646,-0.0003067927175173235,1449.6878295898437,1450.0563891601562
2024-05-03,1416.9130859375,1457.3750954799905,1399.275802819383,1453.4722101911177,17226958,-0.022194920925455608,1447.0718811035156,1449.3331103515625
2024-05-06,1402.610595703125,1422.841600588335,1401.1037428015688,1418.3952205864964,7394208,-0.010094119657954703,1444.4991577148437,1448.52189453125
2024-05-07,1384.775634765625,1403.8209867220144,1375.4135586957902,1399.1028593353728,14517472,-0.012715546989404691,1441.4632690429687,1447.0886791992189
2024-05-08,1401.647216796875,1415.8755361000522,1380.8479912935145,1380.8479912935145,9439002,0.012183621380734033,1439.4105285644532,1446.0516845703125
2024-05-09,1377.51318359375,1406.7851843569276,1373.437335386219,1396.163276906998,11009612,-0.017218336335927287,1434.87275390625,1444.5977172851562
2024-05-10,1390.65478515625,1393.1990543318575,1371.535254832905,1380.106935558881,10505096,0.009540091317467692,1432.0950012207031,1443.1289306640624
2024-05-13,1385.986083984375,1390.2101693574684,1367.5089520262873,1383.2195197456997,8456620,-0.003357196352184899,1428.297052001953,1441.332099609375
2024-05-14,1403.1539306640625,1410.070521585227,1383.342910466477,1384.2815424166113,7188300,0.012386738134003483,1425.971337890625,1440.003125
2024-05-15,1399.3994140625,1412.9361236084007,1396.188139403763,1403.574046995701,5046534,-0.0026757695784564994,1423.572772216797,1438.6321606445313
2024-05-16,1408.3660888671875,1410.4904944706304,1381.3667306256436,1401.6471872524828,14711774,0.006407516477841657,1421.5768432617188,1438.0338745117188
2024-05-17,1418.5928955078125,1420.0750222861304,1396.4104463053004,1406.093722836626,10916476,0.007261468961419659,1420.1626525878905,1437.5378564453124
2024-05-21,1419.0128173828125,1424.6448506468714,1408.6132041549797,1408.6132041549797,11176128,0.00029601295504133596,1418.48291015625,1436.4312036132812
2024-05-22,1443.2454833984375,1451.2736690394956,1419.1609264752628,1419.1609264752628,10281604,0.017077129761462695,1417.5343505859375,1435.50734375
2024-05-23,1468.3428955078125,1474.4442444107417,1437.6628261266358,1441.1705740518107,14608260,0.01738956566853589,1418.8546752929688,1435.22771484375
2024-05-24,1462.6119384765625,1470.7636348065282,1458.5113640783345,1465.9467233388211,7094776,-0.0039030100181525196,1420.3405029296875,1434.7781372070312
2024-05-27,1448.77880859375,1467.2066075031105,1444.134859977049,1462.587264504762,6629010,-0.009457826453420637,1420.6505187988282,1434.52765625
2024-05-28,1438.8485107421875,1460.8828419616084,1435.4396676765143,1450.5079553599196,7820162,-0.006854253936252164,1420.8308410644531,1434.3221337890625
2024-05-29,1423.607421875,1440.6271526936466,1421.310053120064,1429.264181324664,7383556,-0.01059255978193685,1419.632794189453,1433.637392578125
2024-05-30,1407.8720703125,1423.2368313836507,1403.178669288835,1418.395193572925,13206858,-0.011053153643843294,1417.5504028320313,1433.49263671875
2024-05-31,1413.35595703125,1425.0647331073133,1405.3030450073677,1414.245257118902,31069832,0.003895159819125249,1415.7644409179688,1433.4713940429688
2024-06-03,1492.32861328125,1496.453914146619,1441.6152266357983,1465.3292536675044,21527942,0.055875984996647254,1419.5352172851562,1435.2914453125
2024-06-04,1380.625732421875,1480.199967601411,1343.1032493273078,1480.199967601411,36709098,-0.07485139657931561,1418.4359741210938,1434.4575024414062
2024-06-05,1403.8209228515625,1414.0970248192752,1367.6076051704213,1405.0560283617258,17464890,0.016800491172215715,1419.3882385253905,1434.36857421875
2024-06-06,1414.5416259765625,1426.4974232883103,1404.4137607114592,1417.9011371144834,17855722,0.007636802494169315,1420.032958984375,1434.1284692382812
2024-06-07,1452.4345703125,1454.4601915157414,1409.5023527154926,1411.478521453965,18558696,0.02678814369268001,1423.7790283203126,1434.5034448242188
2024-06-10,1453.867431640625,1475.5558362929214,1450.5819785928986,1452.4346368701142,9251760,0.000986523838947706,1426.9396606445312,1434.8270434570313
2024-06-11,1439.3179931640625,1456.1154291491666,1437.3418242246385,1451.4960860069511,11774902,-0.010007403811325588,1429.6062561035155,1435.1254467773438
2024-06-12,1445.8885498046875,1458.41256776401,1437.835758473946,1440.1330064471847,10081742,0.004565048635417179,1431.742987060547,1434.541982421875
2024-06-13,1447.790771484375,1454.7073627830548,1442.7021123343332,1454.4603416652449,9181160,0.0013156074027589337,1434.1625549316407,1434.134892578125
2024-06-14,1459.9442138671875,1462.0438933040557,1439.8613252368543,1452.48412809224,8157998,0.008394474272240382,1436.7414611816407,1433.9921166992187
2024-06-18,1463.3778076171875,1469.6768460329972,1453.8180422457062,1469.627393563817,7196766,0.00235186640515872,1438.9807067871093,1433.8750317382812
2024-06-19,1441.2694091796875,1469.7756214798555,1438.650961260282,1469.7756214798555,8725874,-0.015107785783289307,1440.0935363769531,1433.6191186523438
2024-06-20,1456.1400146484375,1465.181011544537,1432.8212456085912,1441.6152213906755,16113776,0.010317713936087491,1440.738262939453,1433.83205078125
2024-06-21,1436.872314453125,1457.128045050937,1423.4096642387256,1456.0659025463858,31170360,-0.013232038129220913,1439.1647338867188,1433.7154565429687
2024-06-24,1424.2989501953125,1432.2283517054532,1420.3713387903338,1428.3007403004744,8878386,-0.00875050909627828,1437.2490844726562,1432.8360620117187
2024-06-25,1436.822998046875,1438.576872033328,1423.8296636688654,1425.8058325289194,7045386,0.008793131420791411,1436.6512939453125,1432.6483251953125
2024-06-26,1495.9844970703125,1500.875466568816,1427.905458276952,1428.819484586685,22014882,0.04117521720062789,1439.5080932617188,1433.3291137695312
2024-06-27,1512.312744140625,1519.1798830077462,1488.0552219900264,1495.7128766848623,28383030,0.010914716764972576,1443.943359375,1434.5820043945312
2024-06-28,1546.7474365234375,1562.1615299634889,1512.782033239127,1512.782033239127,28957336,0.02276955776259104,1450.8871276855468,1436.5695385742188
2024-07-01,1541.5599365234375,1560.5805616644209,1537.138282854078,1543.9066370278445,7724306,-0.0033538119265674737,1457.2973266601562,1438.4350439453126
2024-07-02,1546.5250244140625,1554.750778666898,1538.4473863262538,1550.798441129772,7749246,0.0032208205292505454,1460.007147216797,1440.4280102539062
2024-07-03,1533.927001953125,1556.2329594590622,1524.391963189475,1547.661278880494,9049620,-0.008146019147482364,1467.6722106933594,1442.0543969726561
2024-07-04,1535.5079345703125,1548.822348177101,1532.321386398175,1538.447461634288,6837176,0.0010306439714371507,1474.2565612792969,1443.5202221679688
2024-07-05,1569.695556640625,1579.4528899457323,1529.5546284867023,1535.3101717849263,12269710,0.022264699061864013,1482.0142578125,1446.0754052734376
2024-07-08,1581.8243408203125,1589.6302317071045,1563.6682899618515,1570.0661123316786,9500806,0.00772683857603873,1488.4837463378906,1449.053984375
2024-07-09,1571.3260498046875,1581.429189356112,1561.6675000170792,1578.5637202787966,6960002,-0.006636824800774432,1494.3566772460938,1451.628935546875
2024-07-10,1565.3480224609375,1578.4648673124634,1544.5241914718106,1575.9946562525065,7134578,-0.0038044474248314364,1500.6581787109376,1454.2310546875
2024-07-11,1561.815673828125,1585.1344421846698,1551.786592769845,1568.5840280306456,11940946,-0.00225658996090794,1506.4545349121095,1456.5160009765625
2024-07-12,1577.6990966796875,1586.023756297877,1555.7389442164904,1565.619788574804,12924784,0.010169844699170483,1512.949951171875,1459.0795849609376
2024-07-15,1578.1932373046875,1586.7154660951303,1566.607970695329,1585.332123675554,5329688,0.00031320333898898767,1518.86240234375,1461.6619458007813
2024-07-16,1557.4681396484375,1580.9351457176842,1550.4280378276635,1574.5125966882065,9386838,-0.013132167320425991,1523.5669189453124,1464.473046875
2024-07-18,1567.7689208984375,1574.9078068261192,1539.2625884242743,1557.2210712967385,12298374,0.006613799016347954,1529.89189453125,1467.7762133789063
2024-07-19,1536.6195068359375,1571.0294984478237,1534.297532576701,1567.1018870092746,13140390,-0.019868625820602004,1533.915869140625,1470.8130908203125
2024-07-22,1482.793701171875,1519.1798633102128,1481.4103587992008,1518.9328421942273,19674376,-0.03502871428132237,1536.2119384765624,1472.4360205078126
2024-07-23,1470.1707763671875,1487.8080584659276,1445.5674511277782,1483.1146576505776,18052044,-0.00851293392648711,1538.5055297851563,1474.2891723632813
2024-07-24,1477.8778076171875,1491.5134207568017,1458.8078508242754,1467.3053526491226,11913362,0.005242269383863185,1540.5582702636718,1476.0336328125
2024-07-25,1474.6173095703125,1482.5960435405543,1459.474842467878,1463.353122317903,12519876,-0.0022062027253335614,1539.4899108886718,1477.8062573242187
2024-07-26,1491.044189453125,1494.4037007697482,1472.59166375446,1474.6172851615388,9859940,0.011139757940044293,1538.4264831542969,1479.5640625
2024-07-29,1501.987060546875,1509.2989091727318,1493.7613062276428,1493.9341486268256,7538550,0.007339065583135795,1536.1884643554688,1481.6158154296875
2024-07-30,1495.1199951171875,1506.8287716127938,1492.0075050067665,1498.9488223237445,8228208,-0.0045719870763648585,1533.8664672851562,1483.3508935546874
2024-07-31,1487.4869384765625,1492.4519658681731,1483.262853735488,1486.0788700242824,10057346,-0.005105313731040506,1530.9145629882812,1484.7287744140624
2024-08-01,1497.2445068359375,1499.9122867676688,1486.3755772216791,1493.983779705346,10764222,0.006559767421802309,1529.0804382324218,1486.293408203125
2024-08-02,1481.459716796875,1491.3405616106625,1475.4818780540024,1487.067144475012,10268248,-0.010542559994038525,1526.37802734375,1487.0576928710936
2024-08-05,1430.079345703125,1466.2186085334113,1416.1721046606897,1462.3650548737628,17046704,-0.0346822600109854,1519.397216796875,1486.292421875
2024-08-06,1438.7003173828125,1459.8946792000177,1434.0315221699125,1437.8110173129378,10236186,0.006028317034009634,1512.241015625,1485.814189453125
2024-08-07,1447.3707275390625,1454.954323788822,1444.0853950542364,1451.4960282823629,8174568,0.0060265574779483355,1506.0432495117188,1485.7860278320313
2024-08-08,1431.8577880859375,1447.5436277380477,1428.6959662921352,1440.1577210643811,12387192,-0.010718013814954852,1499.3687377929687,1485.6462133789062
2024-08-09,1456.73291015625,1458.9066476361847,1438.6509170052725,1442.603254689353,6249776,0.01737262057537481,1494.114599609375,1486.3087231445313
2024-08-12,1443.2208251953125,1455.4483700557605,1440.3800824499558,1452.484116756258,8184584,-0.009275609047294853,1487.3906860351562,1487.0156982421875
2024-08-13,1446.1851806640625,1452.5582774619256,1440.627205334839,1443.344437718015,6265064,0.0020539860685206968,1480.790283203125,1487.6722827148437
2024-08-14,1444.43115234375,1454.460233101401,1436.3782403810735,1446.1109681889411,6267466,-0.0012128656438776808,1475.1384338378907,1486.7143334960938
2024-08-16,1460.58642578125,1462.7602840003062,1440.676620060605,1451.1502913945535,9416902,0.01118452299459638,1469.7793090820312,1488.3135473632813
2024-08-19,1475.65625,1485.47150978375,1467.823866090739,1469.8067419652286,13797742,0.01031765320610134,1466.7311462402345,1489.75025390625
2024-08-20,1483.1416015625,1491.0484162933285,1477.2674041310693,1484.4057091952604,8411808,0.005072557760318563,1466.7485412597657,1491.1222534179688
2024-08-21,1485.8433837890625,1494.964564922092,1477.2426107826689,1480.464784262564,7769996,0.001821661683359288,1467.5321716308595,1491.7904296875
2024-08-22,1485.2979736328125,1493.6012664349316,1477.8869991875908,1490.1312336221058,10445782,-0.0003670710938989963,1467.9031799316406,1492.4190405273437
2024-08-23,1487.1322021484375,1498.3849993365056,1485.5955458508122,1490.8749048344312,9249654,0.001234922923336823,1468.5289245605468,1493.3753247070313
2024-08-26,1499.649169921875,1509.9601498448217,1490.1313888488291,1494.0723308917522,8816114,0.008416849393318548,1468.9591735839845,1494.450537109375
2024-08-27,1487.6031494140625,1500.516654009415,1486.6117113802566,1497.5671500638723,6251156,-0.008032559047420396,1468.2399780273438,1495.2467846679688
2024-08-28,1485.4716796875,1494.568051187052,1480.2170096090344,1492.1142662167426,9610286,-0.0014328214668017925,1467.7575622558593,1495.757333984375
2024-08-29,1507.90283203125,1523.8401488737277,1481.2083164719252,1490.2303777286736,38335358,0.015100356775882062,1468.7783569335938,1496.6478344726563
2024-08-30,1496.6995849609375,1526.5418444404818,1490.4534771750382,1520.865886117465,41620730,-0.00742968766443719,1468.7511108398437,1497.7564379882813
2024-09-02,1503.2679443359375,1513.7276641806195,1493.725353098191,1497.9389648135596,11240852,0.0043885623013462105,1469.8415222167969,1498.6989965820312
2024-09-03,1496.203857421875,1509.9600595401412,1494.5927706873033,1508.2250430567562,10923800,-0.004699153561198988,1473.1477478027343,1499.8856274414063
2024-09-04,1501.5823974609375,1504.50709100704,1486.661207884716,1487.850885016148,11983304,0.0035947909186186955,1476.2918518066406,1501.4312963867187
2024-09-05,1480.192138671875,1512.7113538076746,1474.3179410781215,1506.0439573959177,16264168,-0.014245144871990911,1477.9329223632812,1502.2986791992187
2024-09-06,1452.2830810546875,1484.182646260627,1449.110527949692,1479.721175380084,19394228,-0.01885502353919355,1478.9541870117187,1501.4246508789063
2024-09-09,1449.928466796875,1457.3395627288749,1443.1371406451965,1453.943839140462,9010298,-0.0016213190723826099,1478.61396484375,1500.1769653320312
2024-09-10,1449.011474609375,1459.446383962114,1445.0952218200862,1447.995226435091,10768260,-0.000632439605469437,1478.903497314453,1498.22224609375
2024-09-11,1439.072265625,1456.1745712275017,1435.1561339115874,1450.5234230036904,9760202,-0.006859303158420094,1478.5478515625,1496.1724926757813
2024-09-12,1467.1298828125,1473.2767495080643,1433.495302957586,1444.5250498204912,22349376,0.01949701752838262,1479.6827880859375,1494.58458984375
2024-09-13,1460.016357421875,1470.451266381587,1456.918113729867,1463.7590600068495,8711328,-0.004848599618861527,1479.6542846679688,1493.106376953125
2024-09-16,1458.7523193359375,1468.2206009201684,1452.2088525514882,1464.8993077290231,5481774,-0.000865769811079109,1478.8090881347657,1491.5712646484376
2024-09-17,1459.6942138671875,1464.824832895271,1454.0677548146175,1461.3796100548857,5935328,0.0006456850273792725,1477.63671875,1489.3712377929687
2024-09-18,1450.9197998046875,1469.3110219373734,1448.0447266088618,1457.413766699014,8574714,-0.006011131632325806,1475.8905395507813,1486.7531469726562
2024-09-19,1457.0916748046875,1463.858190669141,1443.0876132109174,1453.6959512825115,16955902,0.00425376716261705,1474.480224609375,1484.4684594726561
2024-09-20,1473.2025146484375,1482.1997658201983,1458.7770437683578,1461.3795684407844,30897320,0.011056847089535138,1473.783740234375,1482.6255493164062
2024-09-23,1480.5887451171875,1488.64417898616,1476.2015834923338,1478.2340798324108,8832314,0.005013723772059109,1472.8307189941406,1481.0010107421874
2024-09-24,1476.6229248046875,1487.6526722077606,1475.1357678514642,1475.7554165819738,17137444,-0.0026785427929117978,1472.2817077636719,1478.9794873046876
2024-09-25,1481.15869140625,1483.6869066134093,1467.5264194610884,1471.1948125268714,7069002,0.0030717162285438526,1472.0660583496094,1477.0387963867188
2024-09-26,1485.12451171875,1491.122760061236,1475.309372285805,1477.8870868947113,18818998,0.00267751209611089,1470.9271423339844,1475.591923828125
2024-09-27,1513.10791015625,1520.345334807694,1479.225468721031,1486.1655345930462,20597478,0.01884245948180774,1471.74755859375,1474.4987036132814
2024-09-30,1463.9324951171875,1511.9181178232873,1461.7761901136828,1506.3908994638518,27008814,-0.03249960872518631,1469.7807861328124,1473.0449633789062
2024-10-01,1452.2830810546875,1475.2100841908111,1450.3002051077794,1467.9726595996829,16431642,-0.007957616967555259,1467.5847473144531,1472.4347509765626
2024-10-03,1394.928466796875,1436.9902726871703,1390.070396353704,1424.275007622252,37757294,-0.03949272356471989,1462.25205078125,1470.9299047851562
2024-10-04,1374.653564453125,1405.2145916660445,1369.9442340651565,1391.9046094477658,37072876,-0.01453472549048096,1456.9751220703124,1468.865419921875
2024-10-07,1358.98876953125,1384.5431070803495,1349.7188488374588,1381.568793209071,22181340,-0.011395449244047784,1452.3104064941406,1466.5528491210937
2024-10-08,1385.3857421875,1389.004514771482,1353.411869524131,1361.2194430814652,17020808,0.01942398145450097,1449.083270263672,1464.4396801757812
2024-10-09,1362.8306884765625,1388.979866453412,1360.74869282372,1385.5594536683957,14310610,-0.016280702929224233,1444.7742309570312,1461.656552734375
2024-10-10,1359.31103515625,1374.132983939481,1357.699948504806,1368.209166456891,22358646,-0.0025826049780599547,1440.7861694335938,1458.9403735351561
2024-10-11,1360.35205078125,1371.4314188021033,1357.1050671377104,1358.2700551936466,7980122,0.0007658406340240731,1435.4472778320312,1456.39767578125
2024-10-14,1360.7734375,1368.2587216327886,1356.5350159311083,1367.6390728953818,12221432,0.0003097629900348231,1430.4851318359374,1453.6682543945312
2024-10-15,1332.5174560546875,1359.9554295521657,1329.2208521541709,1346.8933067731043,33762794,-0.020764648005787145,1424.173388671875,1450.6894091796876
2024-10-16,1342.4814453125,1352.3215164873243,1326.1723376036346,1328.527003000744,20034438,0.0074775675264426855,1418.3127502441407,1448.937451171875
2024-10-17,1344.811279296875,1356.7332239102464,1340.4737382347969,1354.0067695283683,15543660,0.0017354682945600608,1413.00732421875,1447.0596704101563
2024-10-18,1347.66162109375,1356.70849216764,1329.840427555484,1340.5976258716714,12082452,0.0021195106263276475,1407.535821533203,1445.06548828125
2024-10-21,1357.4769287109375,1362.2358797577067,1346.1002013000875,1355.4197431686716,14067408,0.007283213726322124,1401.7495422363281,1443.57787109375
2024-10-22,1331.84814453125,1364.2186177698431,1328.749900940748,1357.4767913068545,15831960,-0.018879719896252367,1394.3125122070312,1441.08017578125
2024-10-23,1327.064453125,1345.8521531156357,1323.5696102860716,1326.048205061888,17214742,-0.003591769396453004,1386.8345886230468,1438.7570483398438
2024-10-24,1328.3287353515625,1332.1952468902052,1311.796457612685,1323.8424540123256,22155934,0.000952690898761821,1379.1930908203126,1436.3999194335938
2024-10-25,1316.4808349609375,1332.8395608533488,1310.6809472586556,1331.996862815434,18597496,-0.008919403815719762,1370.7609069824218,1433.8409130859375
2024-10-28,1322.9251708984375,1341.4155124030335,1310.7800563182918,1325.552505604476,10824350,0.004895123245520772,1361.2517700195312,1431.0876879882812
2024-10-29,1328.52685546875,1331.6994085045892,1308.995576227512,1316.728719636798,12008361,0.004234317022260736,1354.4814880371093,1428.1451000976563
2024-10-30,1332.3935546875,1338.4413022928309,1314.0023313459362,1323.569732267355,11984423,0.0029105164135998507,1348.48701171875,1425.1301391601562
2024-10-31,1320.64501953125,1331.501217083263,1314.7955112005386,1328.526903121052,9331650,-0.008817616322833066,1344.7728393554687,1421.826171875
2024-11-01,1327.1884765625,1330.4601492824747,1321.5868277686543,1321.636448077728,2127335,0.004954743276563756,1342.3995849609375,1418.6639819335937
2024-11-04,1291.0009765625,1328.52687951389,1274.0969107675833,1326.3952636738204,19796890,-0.027266285564600312,1339.0001953125,1414.741357421875
2024-11-05,1294.1240234375,1298.337634786513,1275.1379622128013,1281.9292880644173,16267479,0.0024190894752966763,1334.437109375,1410.6308544921876
2024-11-06,1314.0023193359375,1316.9271340293028,1289.0676296160968,1298.7837703539942,21625209,0.015360425692149793,1331.9956909179687,1407.158837890625
2024-11-07,1294.4710693359375,1312.66393271805,1291.4471349781516,1312.66393271805,9611974,-0.014863938756113138,1328.7536926269531,1403.3388256835938
2024-11-08,1272.7584228515625,1290.505185727704,1264.0833410989228,1286.5394340693545,19814406,-0.016773373309542983,1324.3740112304688,1398.6359375
2024-11-11,1261.802978515625,1274.9891511168566,1256.151830843746,1267.9994654475693,9056552,-0.008607638448302146,1319.42548828125,1393.9380053710938
2024-11-12,1263.33984375,1278.2610337323058,1256.6476373969983,1264.6287615317467,10671091,0.0012179914460044294,1315.9666076660155,1389.139443359375
2024-11-13,1241.3299560546875,1264.5295076822267,1238.8017408266169,1259.374078659472,14633633,-0.017421984911027644,1310.909033203125,1384.0419653320312
2024-11-14,1256.746826171875,1261.7040163358736,1240.38809863068,1242.866693712679,12612633,0.012419639147505102,1306.505810546875,1379.14525390625
2024-11-18,1249.9554443359375,1262.0014401044657,1233.24973843027,1256.7467703539512,13620611,-0.0054039379248916886,1301.6205017089844,1374.5405200195312
2024-11-19,1231.0189208984375,1270.5276979121372,1224.5745744010292,1249.9553610165642,14183746,-0.015149758756049403,1295.2976013183593,1370.1152368164062
2024-11-21,1212.5286865234375,1233.299264427905,1206.827917964558,1231.0190296194417,19433843,-0.015020268219358646,1289.3316284179687,1365.3672412109374
2024-11-22,1254.5655517578125,1257.985964127004,1211.983221035894,1218.8737871048172,20471957,0.034668759346967004,1285.7066833496094,1361.4783227539062
2024-11-25,1275.9805908203125,1293.2811339485756,1271.4694999174592,1278.9549045518283,28923341,0.01706968522489305,1283.0892761230468,1358.2164892578126
2024-11-26,1284.606201171875,1286.737817131633,1273.2046638791437,1283.8626226527838,9247557,0.006759985546502145,1281.4955444335938,1354.566015625
2024-11-27,1282.1275634765625,1292.6864023015985,1274.9892583407009,1282.4250432843671,9572746,-0.0019294922389845315,1279.4556640625,1351.0082397460938
2024-11-28,1259.91943359375,1285.4984608667178,1258.184417128475,1278.905374093644,15027412,-0.01732131069906484,1276.02529296875,1347.03158203125
2024-11-29,1281.1361083984375,1288.3736540571424,1264.3312830599236,1269.040613461441,13202307,0.016839707555085237,1273.462420654297,1343.460419921875
2024-12-02,1297.941162109375,1300.1222774340952,1266.1160245478172,1276.9722229086012,11024152,0.013117305492189812,1272.3272277832032,1340.4008471679688
2024-12-03,1311.9698486328125,1315.4398813546288,1295.8093621182986,1305.7237413234882,16869482,0.010808414844197145,1271.5662963867187,1337.4984106445313
2024-12-04,1297.74267578125,1317.0262168141671,1292.884726573221,1314.6467414933138,19608540,-0.010844130958031162,1271.9033813476562,1333.9892138671876
2024-12-05,1310.7305908203125,1318.5628538088615,1294.966703202915,1303.096445986659,16858723,0.010008081942164404,1272.733709716797,1330.59205078125
2024-12-06,1300.3204345703125,1312.5646685095264,1298.783657405313,1312.5646685095264,9037514,-0.007942254741674204,1272.0496154785155,1327.0660009765625
2024-12-09,1284.0609130859375,1303.7409326166044,1282.0284168341586,1291.8436769577456,14650002,-0.012504242071492144,1271.5291076660155,1323.1240454101562
2024-12-10,1273.8489990234375,1283.812998621138,1269.238788448007,1278.2113501165884,16043729,-0.007952826815636138,1271.5836364746094,1318.89853515625
2024-12-11,1267.2559814453125,1278.9549980546296,1265.1244866020038,1273.9978081396894,11724373,-0.005175666490439101,1271.8562866210937,1313.9814965820312
2024-12-12,1252.0870361328125,1267.25596445406,1249.8066803924569,1259.1262215126185,20906813,-0.011969914156727657,1271.2936462402345,1309.7445874023438
2024-12-13,1261.951904296875,1264.281759521455,1228.986588963027,1249.2119494931856,28630222,0.007878739959269243,1272.3247436523438,1305.9379638671876
2024-12-16,1257.44091796875,1270.0321327010022,1255.7059013940218,1264.0835044447913,9486781,-0.0035746103419356245,1272.3594482421875,1303.188212890625
2024-12-17,1234.6376953125,1253.078416496042,1232.1591005022085,1250.2528426173371,17462791,-0.018134627504476253,1271.5935607910155,1300.3878955078126
2024-12-18,1242.5196533203125,1249.162239402372,1230.027558928225,1230.027558928225,12670179,0.006384025076941802,1272.1685974121094,1298.0585131835937
2024-12-19,1219.914794921875,1234.2411461229626,1218.4772582835096,1228.3916379278016,14244653,-0.01819275722362368,1272.5379028320312,1294.7490942382813
2024-12-20,1194.980224609375,1228.8873545167637,1191.2127119418244,1213.5200660980383,20312896,-0.020439599893611327,1269.5586364746093,1291.3920849609376
2024-12-23,1211.834716796875,1216.6926661807136,1202.8125341694108,1204.5971709809228,10052824,0.014104410968817094,1266.3513427734374,1288.44255859375
2024-12-24,1212.28076171875,1222.9883400626134,1210.5457452942906,1211.834663048231,6734917,0.00036807405803163107,1262.7350708007812,1285.4811328125
2024-12-26,1206.1339111328125,1217.1883476811242,1203.8535553911518,1213.767935093776,10016178,-0.005070484313569934,1258.9353881835937,1282.3883422851563
2024-12-27,1210.595458984375,1217.3867853075249,1206.5800865394056,1207.86900439277,7000397,0.003699048513918557,1256.469189453125,1279.94990234375
2024-12-30,1200.333984375,1212.7269598518426,1197.756269680847,1205.9852538075309,8818766,-0.008476386172787898,1252.4290832519532,1277.106953125
2024-12-31,1205.043212890625,1208.6619856280877,1195.8229125326573,1197.6570485426987,6405475,0.0039232651719653955,1247.7841857910157,1274.311591796875
